{"file_hashes":[{"block_hashes":["tw+A/TMKG7UHL+VGntsz7fACUi/TGc90dtbf9xuOVpc=","eUcpn4VqS1rUtIStpJ6/U5+gkkuGsFYKhWbTzJB8Ti0="],"block_size":4096,"path":"assets/active.png"},{"block_hashes":["Ms/RTdm1pEnEzN/ilaRhhPa6OWjjFDAUWaBo+UD0Q0M=","qJNjwq5cjQimXMy+uQikOlUbxmMJ1a44xNodKu77lN8="],"block_size":4096,"path":"assets/inactive.png"},{"block_hashes":["nGBTQ6veGRN4pNGblQPpV6sslHzntGlqoPMEVOfqTQM=","zrYvoHabIbaGwers7mBgyNYsMtUzJGwVF/BsvDUtoQE="],"block_size":4096,"path":"movie-web.e3c97333.js"},{"block_hashes":["8moA+ysj4LCKGzExs4CWOPUWHUxvWnpx3qcaMhd4mGQ=","AYkEuQo9TMBBxgy8VPjeueHa1U4iTP1nfPFEMS/VEfc=","dTweyzpdjJyWzV7DwXMmwDTgdDUO2f70sWpVhb4MYUg=","b9z913WoHjGQVU0rULAHcsMY7LIKUKLKbJ82wUJzMSA=","jHnun5TK7YWHmLrDeKF2WgLPLdiS7lB4Opz/qObM17s=","P9gxv6fJ74LCUIxv8tIX6sHrnRuTv2jnzq7wZaVynr0=","istf7U1DhrlJmuWV7Z2ouIsdNTM2xbAGIPXAXKqP5LI=","jvvzNhGr9sflzYfJK+Yd8q9kK9WKEiypaRw2U6DZjpM=","QzlpK/r5fuP29gYLrLPtx3Q80ETa0vXImS29lC7+6Tc=","nsijCBLhGjxKPFH0DeCOFPD97uv6JytSZWMZM3mzslI=","7H56+Vt0n+hVzH+KO2JMC6ghfr5kkXdnj4sXvyTMaes=","m0V0bK2IcOyFs52JvOJrbiEZW4TO9GrtqSl+c8CzzQ0=","SNYgtJydEaSN+1BaUrSVDztUfoWXIKSOIZ/90vKj2tE=","xo7r8icgD6GATIt5PaMXjdynkBG//zPPOes9Xrlzwu0=","/mH4Q/yoRd8QEqD5tfCzcL+n8rvy++l8viwuoeUoCiQ=","NONkvuwFGqvLP5REj0TUd0Srl/KWddlQhZf7D4lEbqg=","TB4I51h+dEYgxM5fFH0s6tD77phrxZpR5UqXyMdiOx4=","ltcozx2DSqfI1i1X7HFm4C8Ygl4lN7/o6GTQzNP6bVQ=","wn/Hdq17ATqawQAZbJjk4E4tdkjCdIAoT4ZiYwqn7EY=","VRmmbPpn7PaeAj3fLlU83eZbSOpBTJYrWKf32AB3whE=","BNvPBD2R2IUAhvxeF3n0lAbFAhxmOnpkbU8gRgA6vuA=","Xs+f1awdPJXMDJCGeXeNIsMMnZOieFCFtkuiZ4vFf3A=","eqiia5InFPH2eO8TFAxGUWg3X3DRUJVZri5GTsb8YbQ=","wYKmgKEKN14FW5YhxB8DJYyud1z2ijHncBEepl1slUY=","yR5WvMatiQSZ5gj11gEGZpb8G8ndhmQp5o07NKj4hX8=","YXZRnPJOqD25rD+1RZFj8ENACzTQy1nExXMfwso3tdI=","lFdMTgnQ4+X9k9TXwL69R5qRjGyrcbXLTPNOpLJBfH4=","nr6mF1xyqlvyMXgHUkK6H0AMOo4WiROj7wYnWCGuCt0=","YCHGxnUBwwxe80ANcursqVQISW6N1HHky+jyrao34E4=","fuLOaz7DL6o6kvwWNpxnbSpDl75sZJIKi3CCBhSLvYk=","MDkEaRgqCyXt1oJVD+CHqKW5hE7kxN3CC4Z5cjruZsQ=","Q7TjHU2Xzz5gsgU7iY05N3pixGEn6w3kd58RNayvSsE=","zJp6PWBe3NbJENN+5cBO13bmnSCWilK/v8kyvGQwtmQ=","RZtVV3GKWQzxcldVByk0eHgB8Ual3WXOMR4zEPI5n/Y=","kiFfb3HiDL9wNIwRJUnqg9Y20kfz85GIC2Of+Bh0QQc=","tsvTufAH/NVcXvvMawoutxB8Y74IjeKqgErIdiXrBCU=","zzfWzqHlVaGRlPID0PgVnrIIfy8P5dPN/vzo+m2+WQI=","Vz5x+fRZ4nzir6Url36a6J5Gvq4wIy3hqV1COKuhCOE=","GcBTWTMIYgHdir8PyPFGjTvUwLrTe10N+YTSKeZ01G8=","EHv1AVUThDgyVv9O8YIUhZby72yXZPi5fFY7FV3y12Y=","gfYU7mby6CAj2fLb/aqSmawrnzNO4E5vCREYzil0w78=","9WXSmnl7nFhogfww9VeycjExSkIdh+ZOY2cycfdtc44=","LkLwqV/ZZ++nrgSGu5jTqo5E4rHRKC3q7o+b61+7Gzc="],"block_size":4096,"path":"popup.100f6462.js"},{"block_hashes":["AbgKs3oP2NsyBV81UvB9HYsdlkjPxwpa92uxiVf/L3E=","NUlpp9jCzmnYElISkUz89wtfk8Uv2lSymxdIP1QEprQ=","bOcApBAeOLdCOLaYgsQsFtXQS8cM3v86KJ4Qx/t1ALw=","/hSZYQ7VZQfuaDAUzLBrQPWbFtHqLd9KumKOXY7w4iQ=","Db2p0B1rtv6dUjtlYkRBww0nsbMLXU9312v4FwwxXts=","1wuoSsr+r3O/XObja1B9HyTCpXbSL31x3ZqfC+jkvFw=","Ggw7JJE9J4xkK1Y7De5pLo7R/7FVXMG2UlrXDk/u6i4=","yFmeYYnDd5l2xhhDieex9J5ovEAbyQs97z6Nj7m9zVo=","ScCLZIA+UUb+E927xGOZq2nXIMkSZDJhzYHtU2kFODI=","on22MvTTMaOq4U6AHtLj8wy0oFXlNvAeWpiFB7xymho=","cFmktZIXU+cyCRHqx4NoBqNBBs8Bn/+OoBljdnhMhhc=","OvY+CcohZ/kWiPSJ7FjNuW0Vf6mAEG+urDVOojvr+cA=","/lfn+9vngglkKB1SNVrCCGgJh6NnbqCLVJK7cjj8jZg=","p7ARLi8KNbRqocanv15/qiTxkBVFUoJV/xcIIkwHKw8=","lGxoKB1CNXp4ssU/JgPRE1PG1RCr+D+WVmTh41UbfYc=","kYV4LZBx5CbvAit1JdLYSqTyMsz64tLVOYaakdrQdlQ=","SULqPjvaN42K/awglcpMnBLbXN+prUe8pV7CRMXTbZE=","V/9KP7k2Qzfqw9xYNxaPUeyd10qXNMewMWBWBgmGx+0=","KYipC2aiBu605LW/JUVbhnw4zqm+meBpzf1Y3X+5yv8=","yP7BNJdHv7YITnNSAlblye121/24uOxjwRvS7nYxStk=","CJLgOcCPVVOinUR6oSp0rzDTiCJZNHGcV8JhTaIBNpQ=","TNEuWPX+NtQQAqfhqs+mUW1uWuZhjveLX2UoeXMCkjk=","ePsUUYIJYd5fv6aQtsxmOuen2uLut4E7P//3gazRvJo=","+/2r0FcIcOfv0AxGasG9/3PEaWztrF0x76bXQjBlEO4=","FQ9E2BexFpJO5WUpdPKIbtB+mgFQfKuuj93F3Hw1O9k=","ZL4DW6ZfBdNNf8+hJyJX5ZTswyZ4GwcNxq4BN3d9CyI=","4yC01DHPDcK2UchWzeqBhfe+EKfbz4+LkqAlroZwuLI=","mwTpo82fRF+b1ttqNPGS1j3/1dcSovJpix5So5kEzIQ=","0sSOTeDpaetDinjF5RANl7yqeLfQ2kPu2KKMxvdNnX8=","j3cejmCeOxFKa4qtO98B3sBFtVD+W6KAd01+OscqtHg=","0sApBIjNiZ0WYkz386HNhpbKSlxByTZnm4m0cbGSi40=","aLlImX8miLu026JjrUeWq33wlQF0LXV+eOz9ONFmONE=","eWLgrrEdPVW+GqWgWgA72IQuRHrPcFpjbeJrWlDHWhc=","adRMqyZLfvYmTrPBmziVY+yOAMjtVh+YzeVWcjxQw/c=","6TUJ4c+bVAVxp7u8pQhaoKDDh0jnpBVLtlkBqAV47As=","alq3W2yzW1CEiUCp4fgZvBISGLXeqIevUqOg+75J5oE=","AXWVeipuwt3iEaOVlBjYxAiVbTThZ7xDJR43sxfW/4c=","DYq2h02Qcs3emhn35t9apx2IpfYhQQTF+xNiYrkwDvI=","JZ81oCyAr8VIUuMAk5/+Uc/Nww2MLyyDxZd5P3UAZzs=","YGuapAqC/b0oa60rwdQBXMeFtQsW8yYDYhJDYQYxvYQ=","jNLUc0wJEZIJQ6gn2NfYt9At7jDBXL6z17buE3JAg00=","IzCgT7BtcEbi9EAJA2C+LnK/MM26EUpaqEh9/M+1mJk=","dNp57PLxrWaA7+6jZus98TMAYP4hnxug4OiH4nKjFVw=","Am9YvKUQSGjHIsPy+GoywRSxVAMIDeu3mVJKqKfsFy4=","wCugHQoy3zzx/XIE4TXaTqYg8Uw0KtOVxr86ItrDvKU=","VG3IA4YF/yOvXrtswRe4m3dHh0doCNbFuPSOBCxmnyI=","TWAYfIZ/ijfS4jLpUe2T+CfRKSFiLhAxb7r7iel5x7c=","BMOAJPsn2v4XMrj1hwBX7v7n2vlmVVl38sXyaYo32Oo=","AwEk8MsQa4f+ooBSALG4SQgt4awPAUb15Gv6BMSdFTM=","z87RIPGWTtzctEG3x0s5dYlSsfYgQ+jckrYCnYl+sFA=","cQicljeS8DXuncS6i9lWzTZFU8w3/g7LjHBtyWeWwiU=","d87j5oRG0fFyh8oDBZEacg2DSovZeU4MObGONEgMFCk=","nQOPInZ3Yf63WKGRqe+HJmOBqvPaZdd2J0rw2320TyI=","jvBR6HTxhbYsTlcyMP/gG1ZSvJ3NZnlQh7yB9KhFsJg=","hYndNab9het9nCrgu7zOo4vAwUmoZObwDCp0mZ87KMU=","1RF+UBOhP210/sqDg4AaWafIPfzRj1tuorR+PtSwB9k=","g433CZMM9l9JJQDHblpnWYAWWggO2ilC6PTZBNb9rf8=","og9RFv/kWAZEw7Vv2LjJPNbzwznRv+l+SSeq2bfYSzE=","8AatG81QXWsC1zznBn4EAJQaEocJtv3W4j+2kTTaUHk=","N7J9zx5j07J2DmfKiVyIf3lqCEU6cPdebIPazbxas5Q=","S+S9cRps08EuCK85+4lfAXX4tokTumfLXKBQd+xWeX0=","nRpkLKpkn0/zB5okd90FMMUDsPe2TTMLLhVLp3XRCJM=","1Agaluu6+2+mhWJyKSfGu0qixn9apiqQZZSOJdD0y4s=","h53CAhnOu2jr49fH0n35XhHYwbfQ0MObkTlb3OG2+hI=","LXZnU09Fh4enSH8MaqcQ2toZLNmNzwpvbOrQ6OBpxiw=","6h4omyU3YGiG/H0S15hMXd60VsCQVuP8Db114Q5BWv4=","pesNHZQ9/+jgDoldcB6YDgloTMMHqTruURDseV6lTLc=","mm2PgIfAYhocj66Do2Vj/OYlkt3v1+YuE+U7IZlZTQU=","S4jj6Y91ZeM6cDO+cI6piDmqT+/D1XYY2qdYNgDjW0o=","0CCYXvP2jEQfNfVt6VboucadhltIw7uoJuEzdAKI0vQ=","kFOeupPrLTHMWdP/mTZlePxfNuLjpuaX/jHJVhHpjVQ=","IQeSz36PiFnHt90HJ/ZynUFezqVfo5Tq4j1W/U4/gKg=","8XiVMUdos6l2ccMTPoiJ6U5ksxY5e9gcQCooUWQQqTo=","emEc0O2fxdyAYURPpx+vvnYiOhDGlnEb9rNi1xN6FNg=","OdNYZVO+eLar6VcuuoB342Q/NO9p2KQuoI+8qt9FUug=","e+/dQeinm76+R0rdF7g74aT5EYytZJn2wR5fKP3GSME=","czX2fSv+veeiDXDdPxTe5aMoWWuq30Si/g/OkbTP7Ho=","W7xzXxAX1Riv+a6taq/5WPB7LKQi8lv11keQ2o/vdIg=","4D8c5xTO5niZM+XP7uhzmwTBv3cWNYv8JPPper1dNv0=","T9LvGzOVBaaZce34FHgsWMx4eDBQPlWGN5rUFsLHah0=","/GlxfTJ3pla2mS2Kz1weUjdSPLLdrvuCUSZg6ZB2k0Q=","ALS9LAVCLXosv3o/KouWyRWm5BLY9mFg22QQoYjehwQ=","5hF5x5p5iasdrIGYQwbnFbaRgDo0tZNLEXsHs4+tvNQ=","6umnpumHm/j3u9GHYoRzglfqZJen97XaNu3eD/Lp4Lo=","H4qWJtwGlu3oKj3CSzp/u06Zm79Gt2y7L9PYXkHLrS4=","bIIeL51jUhStpb9QJ8cFHlFoJtac4ebr+wSb4zAPoOk=","bmiUrDhDG4oRPRbdDrK7ddGebWCOa5fqWbSHjr2zWic=","VBGlMh25C1YathiOswRzTbcV9IR2U4yT4+Zu/w1swT4=","sRTyzMRiD3tyoWOWpTFBKvdmumtX+/2fYig6l/xw3Xc=","a+aRWe+5gLvTALBTy4or2EF+1wH7Etwnlrq5fMrwl80=","c1UNk16xj5wpcUZY0JomX//ZuPad6x+ytU22dVksahE=","7Vx908X6CEhAQwKcnxqCTDbxHSnIeCWV1Lk9TIV1udo=","icUsZt44oE07q8zGHtivvdjdPGL1wHlQ1PyHODgoseo=","UKlf6sOlIs2qv5fp7r4uihQHiTdzpjB1FwqrpRgt/PM=","dgsNKjQPiOuTBRdwIvhm6S4O2TkWd5IF07GiCVv30c8=","qurXVekcTVWdw4bloNH7oIvoJj2lcebqNFgqcTYPVPQ=","TnRCuPNcp06Amd51AKhGIhda5/t1xaOjgyzUpa4DFPA=","jXinOI7P0bWKe2vkbWNP6bXmh/qOQiFFsEvg9WRdNd4=","VFbBmybYE82mQWdKvjt7a9210ZjnrhZPhZhe7Mi5jsE=","0+T0upu+IgwNCunVaioKUTE4OPFq8CZKKvh+hxHtEC8=","rlwa7lssr36Vq9pYr/PpuzaxySj+FiXfr8ykYmcuV9E=","+OaBXsONQVxV6kl64Cy1SVeYhY7DELeFREt6HlxrQG0=","jFLEYdE75LDh4wqAE7CwHZ9d9Bkq6ycnIV7Z/ulwAOk=","MRH988veypMNeqHyGRUrIJFibpoWVW2xVooltvY1iA8=","vSGNKOb7bCalUQlyLkOFPClrbXtNVNqiga7wIxlLKFs=","UbpCjXAGOqKSYgkuGa+fq7VdD/nKwn5TJNT38ui9ar4=","mnDsTUcYfU1OFyYqB1M+PU7rTOjt1ooh8VqiUbg88Vk=","ijTEjl1E8m1RiQYeE1bXPjFMddlW1uohN6kn8d1ArIA=","+MtWm7R8ofqtEStPRd5AcbjGh567iqH3aCcnv5wbwyQ=","XbrBo+X8BBeGqQA/LvSJ/jI0TPyAFAjvdBzgXwvblM0=","Ag73i/3YOhMOBFq1YzI2ZVPn0o1g1kPMbVtkyQi35ng=","KE7xpk+l/ObYNk7ZhcrmpeVA1dS8tht9cOQy+Q7qgOY=","W/ulCv9haRWgAoXhfRF7gb1IB/z4XVRL3f1hVNhfYvQ=","iGaQDzqqm+D+6IpIxlVxRIEckE2CDPBQzAqyHEuRjk4=","oLCz7i3YCaLpMYQQ3R0rqDPwo3PT7Hske0cSYbj9iFg=","Qu9ZKeJC718rdUcSJhWc0Vxa2lXD0gcvR62ae8H1vmk=","TprzrisAat46+RImJk4tynI8fif9USKMbRqRkmPmPK8=","xAxLjQ0MdSEIKZsxIwYAHdPIp1CcuqF1D4CSx96Y9v0=","fbeFZVzi0tYphiw6oe/7G60xQAECeTLO3JQgDxsbCa0=","Jh6mCgygb7OWNvIaTIId/0uH4mQRKUVpfvZlcaAwOw8=","lbm09K3+OLIG04rdj/aAqYPmN8j7Unpa7R7uP0k63uQ=","AqFAID0AeGfxbKh6zuEBdHId1pQAICieuqVtNwPuv1Q=","78rfi+9qNzE9wjL45cVg9bS1xfmsVcoCJWQI+rJuANk=","CS3hKehlf65955GI3qpeCgVF4HqvM/OTf0J0Rk5C7NU=","X4Q60u5k+d6wbdKjWYdy9kFRVdFOlKzgTJrrfu61NTA=","/1Fh4sp6EQ3lSwg+JGmrj0s8dvxOf8vMiwyW6dQLLOE=","j6Klpo6g8k3PgBp/VJc8YBEZraQYV1BoCbBW6/sombQ=","CzlLGNwtgbeXWFCuHR1FOoafG144SD/LQYKBk2GF1u4=","L77hJT3lKcFMLO/N86WoWgDjuGA8f+Jg6ouNmkUHSzg=","kPi3GnQpXLqbpkz7rBow4m8GxCp0iADZgGGVmFdRqFY=","Ei3VseOPV6y2BA++27hXJsQHj29e06GoD/kEVxi1PgA=","Og2MCgteb2PtAl0kGpvzEN9yYOlsrtCIeHxBkedhSUo=","HINRQU/ns4sS8KgogZIYst3TBD9f5Rtr2KlCzosfdFI=","F/EF6pLlyS5V2HWknBP++zyT/yPOaBxgzqWd7xKUk5w=","wutQUzhDVXo2wrFDtnF3KC6SsUOYPNUUlyC4wjd1WUc=","uKVA4zPhrXak7MAmrzIJSykfqhkyh7Q2uidhsvB16cE=","Yp81mfUSqYmFWJXwHy5e07jNVIMjWmbVgbsR3sr/p+w=","IZiB71+YXRuDHBKo5Rh6ZXh13eUqR3lMdP9JqWY0+4s=","0awk0O/w2HWuvp7s5arF0MT1nkVefdCahZFdInQqVqk=","WjJWMpSpaLwWRe61b2OIXzxqjpq4Y7s83b1CPhEnLMc=","sCuk38L7osiXT+Xcs+/jRee1d0x3pwjzpt4aRPOso1M=","BTWiw5oQ2p2qcWiW9/racq69jlAUnR1Yx+l/zyZNKsw=","WajQTxvSy47lh8FyQ2soJerSQaNEY2xrEexlYCCMPfY=","clFolCeIuV9amQfpM4Vk5JFBMKwWd28gJ8rXIckXy2Q=","6TfgLA94mmldBeaR+hIBRMiyGhm7E1N8izI5A9c5uAs=","r2jCLQwPECThfb00HX6DIAZRx/cHp430rMad3C71+NE=","14ThVToZdfcCioyxPgacKgxDYuWedkZTjVblU9Kvozc=","WMjoS6tY9BoRoRn+YJcSdyK/2azk0RfNwPKkW98/Awk=","hOZhi6GEpDS/EmqeRp5lm10MiCTnsIUk/Ffwl6CdDWQ=","e5L1LGD1FdgruOKdzNGAz8ASj5WCigbQITwxjESaMH4=","tPjDnQDYY90bRyEwA54guKKW/1zEjyELWVJ3m+W1e1s=","5A+3y0OlR3KxKZJ/qMWfNzAE5WbGozyIFspSTz4tjiI=","AzV/Emx98rZzuqllzC3MAHqUMKHtMB/M5oVBbFhLlH4=","tbhHxNeP1EG8NJQQ0sRVYEYTLUdK3I9Er37Cu/mRZuQ=","npduRXsFaUk7Fz5SQX0bsoFdXlcy5LlDCfQn0h90vUM=","MHs7E84+YQfD/x0RMWvcuQAytkauNZHqS1l2Jhbg3YE=","xVNMSzrcnEGvJo3T0PLwrgNqFmjFJbaa09xswxh3MvM=","6+OedkHElaA9hDuvixsJEc4o2mGjeIQmjX0g/NpHlDk=","/k7JqxmSi6V/WbaOXP7dxZcw9HxJFWxQaLgkpOWubXg=","u69Cly2IDr8vhN+8jzwxrJP2dWxsOn6PBK8KDT41AAQ=","2J9f2fJLy3wz4LeU5NQTRva0PnBM8f0JtBiv1blCIPs=","EobH0BiCxKqb/lAAkvGLJ6AoiAH1iG4Uo/s92vmX/X8=","lBfZPhrZF7xqOTobjl2GhA8okt6SZp1UxPeB/X60Ti4=","J+eOy0Pkxct8wXwyqlPUZBscssN2irsfd9el2Lw01ao=","n/2tjH/yxU4mljdJHD/4JJ/FeHpn8Xf0dzB2+OfNb80=","aFCa5nQGtoSlEGrRAUMxloToyuSjWaaCdblLeoICKdU=","1Ve9LW2uqRMAFG3NuiccCcnD7VaZuEyB3m5pTFzg4ik=","0Xwv+Up12iZFqyiYBOryMmy7T2EW915EidOOtz1SX7Y=","fy+Rm/TTxkC0/AyV+Up6TVttdIqpJdZU+Hq7to4H1jA=","UDZRaYKZ1GDKy5zXx3Iqts1HH/iQsf/yJV0FNseX1i8=","FQ8dyE1SBn+2ysxXcbuSpsDcLXqkhkKWD+USz/RungI=","wOsu3TDm8wuFbZiJVJ/S02sF4dX0GyyGtplPOVr3tck=","YzP2RUbLDOOO/m4PWePrvl+HblofFn4iymnqTIxY5J4=","tv8cm5aQpEtDndPVU5pVBlX+dFCZq1E+0vkb8feq6jQ=","jUyaUH3K5g403SqYMwmvKb1GsDHM1oXVQeNZgrbKcyU=","vwrjiF1hjQO8DTFodcURiyrwanbX08afZ69LCnqXUa8=","x66mIwyKcUqRRFJyzC9UE/b275xtcko3dRPMz+ArpjY=","lbiMNkEccnF8h4LvQrQq+Dd7Niq77Mg1o4LcySc1YjM=","XQvN3MmElz4wUYJ/DTKDElqawhCjSlOXRTo46lPsD+I=","7RgixNMXYsMLn3TOk/nvX6tfHI/0A45efsMYo0039IY=","IYdUFgenOENGJuUKFhDG8wQjqFqNswrDNoxv5lWkI84=","GT6rqCQ3LX7aUR+nzmNMLnhNKRcR5dYo3SNsIXKq8uY=","6wbVArIevLhkskYRytaSz4Q6vs8h2CwTnkQ3K9uMzvA=","CwzE27LDJLl1maKBOTX8BQMHgprI5jasrRDnj5E9pXo=","piRzUOgsfC0A/MkrnvA8SPrIRpfu2GbWGbHyTD/AGv8=","MVRnES0niisLsrNf3Rkss/h0dkHM08FTGpIZ3AOW4hw=","4702o4gjaHEMtyB/zc4NhG829h4Vk4DzjOgBUO9ZEZk=","KMNTWhstegMumF9Outf84lI2kSDpo2dqL/SYJXfUO+M=","R8mdn8hE/ab41X7YDDyty2xKrFPLYzv/fqiYBtAPs1w=","E75V/SVAJQNtKJniD5jQVL5EsJD+1BZdkoZxxNyqzpk=","1gr/jFPK1v0Mu9ZIgaojFNl3u9N+GnbxwSVoxQ/Wjl0=","Fwr5kRZAUDiImm31DdGRW5qSO6cBv3P6xNB8BThesSA=","OcwdTqYy9uLHx19y7Jz8umOOuFtFQtn3+Wn8SZNwMJ4=","kjc+PnwtWSgsomJonBG5QvCbIfUEVfvfbg4LYJRnZsE=","Jy9F8ui0GtHIUXJxbu2Bb/7P/Gro+3EpBibWYc154iI=","NEU6OD8MY8wNFT6J907zmkrGhUCOvx+h7iXZsxeCGe4=","oEocL7FQ37laNrf7b06VCCPiHEE/o+ZQHemcrYBV/1o=","QImlKBBfVqusp6/5H16UK+N8WUw3ghdxOigaRiE8JSY=","bs4bHqUdZAUK5csnWobIPSEk6q8ajtiwM6Usut2jScU=","lANpMJTey3J0ceRObFmMhohi+6Gu1THjmbaNfYnFouk=","Ozhy1WtA7mCIlhBv/g62S/wfflkmW9c+T0GHih8rXgA=","qmLZwxA12mSdt9pXhVd4yMeNcuTOztegwaE3FIuCdco=","cYp36bLYdP3EX1igt29s0+C41UZQkhVE5e0N7y8wcQ0=","qXVfDWf5w5SRFlfwNo2xVqLHbWz58G14xb3dlOKs3DE=","RPysJxuIho9EgrRKX9VQ6xXAA4XG3PWyeMn3y2fq8XM=","pxfB1io/V8UPtOFzEdLKF2dq1wtSsQZ7S5LUSbMfwho=","LSwJe1KqMRAB3A9pVTPit4NtegVU1F7944ZBB3UCpwE=","zLWOHmFPuVK4ZLZjSh0G8+WIcmZ0XXGIaML3rEM8qn0=","VTImzYMfU1gzN5ebi9DgMvC116LeYuVI59iF9r/SWfw=","9AJUa8Unfa9loDSaoh4gs33p/DtVPXNKJFO8onAQ21M=","bTzozoB8ap6lengGq0FkV945SOs3oerkEgRwr8famRc=","NBxcefLUqVud5xaWpdSfAzPCJNnfctzKMswsROWrZXc=","F7IJwx0rieTQv71Xo+W1mI/+lH2uwfIegUBOddXIxyU=","ICoLpveY3QUIHNWYT4BE1spAlphnrz4GWwitARY6SOk=","LW3K451aXEhG8L9ndwiKsPA6GsxKNslhJDXG7li5l7k=","XTtm7sq5Jas/E6w0slSR7fNpWdx5yF3nLY3xAdwXc+g=","f0xNy3PmY/olHTHmeKiTdBMwXMzplZj5VWpAOqGnhY8=","jClf+D0zlV8gSRN9ZKuQU1Q3enSssxffe2rCQ11QlWM=","DvVM2XUMi7R3yu6w50EMZ4xef8nNLR4aiAzNDlmJeFc=","JQhgSXAnkrLWM8x5djpthkChb+NbCGUx4YDWwjp9HNY=","xcjaYlOWDLXajNPg6rzsytzcXe5WmscI9GWlm7XygCk="],"block_size":4096,"path":"popup.3b30bba4.css"},{"block_hashes":["IcSL7XteZjeojevQtBuZsukHX5A1ihn340TbRpV38Cc="],"block_size":4096,"path":"popup.html"},{"block_hashes":["RyRWj1jxCybf8kNgsYofancRcKV1z5sPCd7g7MQWK5I=","22WEE/5aYZ5ULiuz3fFtQOIU4cavkBTJ7DviugsSilY=","ZULHSzfGKPtH8Dp1+/O28xKO1K98rU/iceIRqVhM9RQ=","xV25LOq2rBqVU7kIPxexOxDdpCgIGTDhMU74q30pCUY=","+SIeEMH43u2JvVt5CbjwMsKjDSFcjIXaluA0BigZHS8=","5Ef1eXe5RiOonwC9I8zZ/bR9qKYIGr01mZ7BdN4LzIU=","s8kzseROTKHDaLjx1ISrQqQ26qHPk3cH9LSEA0ytpOM=","5+JKHUeBzWcg72d1Kvh4dGqolgIvSpts2ZQjOxJ5wy8="],"block_size":4096,"path":"static/background/index.js"},{"block_hashes":["OXLZmGUjzniUhdwN3TgDr9zEpJOkuFs9AaxVGw5nj3g=","xmhlWZmYldL5O5zT4iB9DqofE+uR4VMcfYSV4xY71zE=","jVWdYZdIRkZZPwzJWArxVAzNLLz1Qww1AtjEuBsJYVM=","KnYfv+dXI9OA7x46FzMxslsMMXd66FckR3McukgkoJ4=","KiUvwOjSoAW55lyrUyw6f4k6hme5+d1JRhhj2GL2I4s=","k5QltSYqpt+wYZm6Y5dpjeZvjCfEhOP8KK0PCkX28n8=","FPra89soOkPvNWCF9yAV0VOI2UKCcLIfS0hrAqanKWA=","EsEUIp7J4u2FlZIgh5rqjR88TSJr4yCS3Vnlxo1Wx8M=","T3TPApnAJbbBXLf6YEh36zRTneQL+DOeZoYm/H8taHk=","guTTmnw9/WpvCp3Fo2vP/1V74p9343E686ydyMlAHNY=","Zu8aabZI7Xb6wOMK0/ZDFQp+fKvFRFWjEj88bDfO31Y=","aU82ODwOrgLZWWbziX7ny8TtqrO/BcPxYo92sxVhiTc=","OXCJceGMbA7pvzu9RugLPoOdN+L8XCmGpOSk2aSvsW8=","eTBGPKawa1azxyxeLb+IxA/dgd25erN/FVrlgAmoGW0=","YAn0o3aMv2EWho+7r/Rs55QJr7+kSaysJJdSA0I5U2s=","/EhpX3OZmNja0fjDqR0DvEDgKiS8fNjPz9A4KF7Ynew=","YH5OW9eqoQRrnBffwBiNe5IdRwZNSsOsg9UGHV1gi7w=","eMXrI7PUVJevK4Wck+NQYcBqUd3h5tBi0DqE1yoMcsw=","u09a+JvEZHAlL9JPY9NW5RcLAmKR7hpU2wbah7nrsPI=","jtSmf0rc2ZQzWuPGa0EdqmjWwd3UFC9qDOI1CM1GjRs=","BrzfgCkElZCO1UCMPzL+RxGzUTQF5bIQkHWkGi3xIzY=","PfW4y7WY/YbhOIxMPdAI+oTN+bIxX/s3i3JAr04l+v8=","io5HxHtvLy8z8UHOX5B74YLUiRDkFQ7K9lilVso11Vo=","UWEF9z55wU0H2hn5YJjJf80HAwFmGgJ3uzs3le8J0ZQ=","GM/1VPrELtss8SqQb9i0dVZIXR4oyjQYeZj9Lr4qfKE=","NKSf1a0ZVeSwcL70VMG4WjdVKLOxsz+yMakFtui4jiE=","k9cjSi2mhc2aRjwH9zufIAkFGdR2NKF8GgHCtfaM6jc=","DLY/X4O4PaumJxYm/gD9fIG/VH86FVOLBSZMoXDFyk4=","kWUCl2wwZoHk+OkyCtdc3B5NJ51Eq8Qg4g7AXSUi2wM=","cT8+fNSPuv35vYopqLa9nmwElQULiusNfJnTNAx0nmk=","7ZuqWphq4hctEIUaQFJxU/xYlLx/w6oWGvy3xaXipqU=","WGXHG3pdfQwN70wfFZ0w7Z7/VZCqSAhcIAC/YY0ANLE=","mYO/AhMp9MI5rIsESkrl71i/L+v3G+dym+qqy/wS4KM=","ridwvWcHGYjlVSAdtFE3es4I8AukcF5My7fklHs1V8U=","RUEcf8zTW5MFFHczsKkELD5C6Wwm3DMOPQ40TWTldaM=","qSwEoEObv29Fcp4jClYd81fwniTgAjRIVAFtJ2uU+cM=","qEfNM3i0VRw7vrNJolu3NYZr3QBieSdRALZZu5WFsug=","hhXB2ZnAXVM5Wqg0/3lbSdc365jqtro30e8Wd+rFPJQ=","LcGPCFo+Q0JjZ0ZYdMcwGpPpNInH/TW61RsmVf3tBIw="],"block_size":4096,"path":"tabs/PermissionGrant.3af363e1.js"},{"block_hashes":["0R72zwvSOHyvh2G3LJDU4h7/3lWL4fBfl3m5i1Pz5Jo=","Q0cgO6E75wSblvM+oQIQfrcuV+WJXAIJgbxs0YEGkRY=","Ym7owqyU9vRO8mJGDXJEADHzkCkyhsmFHepApMFL978=","+M7ZDRwRtBr7YE5rjF609ISwcAVbnA4P1D+t5W5I0tg=","3UtgJnICR6LF0KgVFSG+ycmeSj9uBKgtshv4X/tjM4k=","PjsdA3zFrfDopTQJweMvcHmkPkm40FvRvYuYjphxgVg=","1V3RTEuJtfCHKISP4kr4J+YYGIiyu6CANRp8J+l0Wu4=","jdGfWusagnpg8gL3N5C/SCNAQUw1KR6uJ5r7ycVSUpY=","DPfyq6FfkZQWYwQTuHuonNkP7lgYrflqKRmUXEcMH6c=","mV8KIzlIoZgtyffEr/wqvCDrfablTUV0Igm7Jq0QmsQ=","ePUMAIkpgwxYaQZonMXPuek1dq0nGx85g79XewksAkA=","MbstZqNTxa/AMacxB8Nhioz2VfBeuzesfJsC/7hqCL4=","FGY1IETdiddLIvuEbwVlYRe852XM8re0lngK4o+dFZM=","qPqtzPy/IjHJ+G3AzhWWhmljXFiR19trVjEYROdMAKk=","RPNyNDWgU32JxmkNxeBU6ykCzNtHMWTsNSQo0/9fteU=","2ACEc2GQyFsHnON7Jg4sj85p0X1SOQvfEvS5h7t7Qms=","aXdKPC9103TtIRPywDoRx+y91Tooo+PtGgXWIpGmAJA=","clKvTYKQPeT8QeM+MutCnJwzAyQ+i/Uqdlg5mYOSY98=","KfLuIObM/rVkmomSdXiyY2tEDqSnacdfVXHOFtSPPZ0=","dvN4/+rXijdQLQ4tmUvkmCkD/RS8OLkTrfm1guazO2Q=","LN3qkHP0ypz/jjFBq79gd7tBCRKS5OW1W5m+Jn0mUrE=","Vm0h0GLSUwiqDmGcMhtsfmtC9dfy0++LSXTH30Hjatk=","Ocb77txkkb3czoVV0fFvH8LWdQyFD1BkjfAlcLkUgzQ=","04QICVjZx6OnMA8VhqDyI+NCadstqSUDASicNBbY2FE=","NgH3JlZjiF6H4n4yV6Pp1qQ/ZAhlEL4bJhIRBQsJi6Q=","mSzsnlAWjV1HJX/n792hWcCJFduv0/CQLdFJCX5yPyk=","dJ1izueWmxwxH5L3er9Kp8aen193yHQbPzl1hnqeZiQ=","T7zGZA9jAEBJMaD635Ov68OeQqd2bllW2f5yK2ZAONs=","jJMbyOzyahPf6nWopmjkTXCRrbiYgu+CoDq0N2zZa0k=","sg5yxXmo7mjarof1A3in0q259EoDdvJn4J5dmcMKSrw=","XHNqYSTZ8ZSSAOwMOSO1QYF/7TnCScEJSfTicPvgPCs=","JYPdyipb6wRyMFqmzUUfqwdjNgp9GuvllVseQoIrA3U=","+ccQg+sjM+BMSm9cXkKnVtw5uaFTYPvn29jtZqy8fGk=","M2bRelgIDmXPK8quD7UOPQ4a5sN5zqeD9o7Mu1Qp3fY=","kxz/lev90FDej9vn4CMzqEcgGM/IG2HhXpUpuTREHRI=","HDEy2lh7LkdzTJOupPaTKGvLuYiOwhlvBOi2j7A3AMo=","TklCXHx7V4kpr1y2maKdiS7K/ky6JppuaOspZY1BjYk=","miezjwlDdKN9ioi/ulPVxT47gbqhtFbYqeHmwUAt1zo=","4gkuiTb6gMl7pDdX+LW2jL86r22B9m3ZF6CB+5OZAzA=","3r1Ew7viAx9ZnviuWc7hwtg7KK6JHMzvWgvSLs4VmK0=","83sSR7N3j7rq1UF3vbvvukL3q6rdtxzyMQag0VDz7G8=","gx3FFpIkQFGVlnr11p/T48tbwEAcoDNJaevpdJDEDm4=","85ADFJhiNOHkH8XvAoOL14DQJdlX5yWoA6COVtwICh4=","hG8z9QCKGZdLVltDgRPXEXmpATIe9IP/z6Q0X+AwbTA=","HGfsH/xazWKGao9JTUsr/jvCuK/9sd4ZmeyCCKotxew=","5KZNxlbhvnwkOvdDyO9EMsuHRm//GeFS3jb2kKV687Y=","8350d9FTRfRvY++ELGk/vivBhfNL1q8/IkY96Ycq+tk=","kPj5L9P46ykwX90VnwLUsR5rSuH8nyAYwj0IXmj0GXg=","SUzpbt0jxxa0foHWJQf61BGiXngKic5x2hRpKX4WI58=","opONTzM13GDTFarM2pmzqXVvWffEIrmvxjqZ0KqGbUU=","61vVQZGahnpymrTnJN4cyjTIEBl0LOArd+ncQU7YMrY=","Ok77C6X4gsh893bLJm0x+lh6m60MR4RqJh4S7ggoL9k=","1sZCp10Vk74BugPrMvOqgTKyje/+2eBWtrbE3cZUc4I=","CraDpqH8Ohul/4amZNMnoi3qncAdcdb8yliybn/5deo=","WmJrukvBzd2iqp0caAnqDzi7dm/aQO9qd2J3O3Cq1Ps=","3acRxw/3gaXxz28fHYCydXmisBXucRyLJWqAM+fg8+I=","L5oaC9yFP0uSBXhHjS/qSbNaA+GQ8xoF1d3YvXKe5BE=","rJNoksJIdNYDxl38cEfIaB9n5u+46uZmhCvJpF95n0M=","hyd+4+Iz/REwlF5M9V2k7S001qXArtDHULDRvxrXiN4=","CXpjNrHb1ETgpwxWaqpA3j9AjQlqaaAIwwrXUph1eg4=","e0vjAIaJPWfTxeaSlMbVNTt9QiHex3g5/yKALSViRYE=","c1u5frdpQugm/QJTRzCVoDERB5dpv0yqEsXv6sYGS4c=","NeMfN8ddX2Cyqxl2wt3N+tMQmUfj1G0OaHNteZG6G+A=","5b9yRmXFdIO/zDS1Mqf/u/6RYk0rLc3HAAoCiW7t4ak=","cYI3nplWKms1GcX9YsbM7lUPe+uAYnRDu7+hJHDMFAw=","+QdogL/Jwkv7o/EzE/A1KW2PZF/eVHRlyFB7zE+eaAk=","bUcDL0TdSjZm8Nma+3LF93KtkMgrmAQlQMwDAHhHXJA=","58Dclt6yiYeXzEnHhTkd84Abg0UhItn8wB5+fk5q1b4=","z+8aJ9eL00xTeyWaGgAjTXZO2/My5l2O3OTNkUQgPKY=","xafyOT8n/vHB1Msto22Cxjs5062A8waMJYJFYaI88xw=","cuKL64zxLVHT2xu7go3wF0VIWIe6wIQsVjReZzHvt+k=","T/vr0KrOQk2dtiROsvO04zttpwvvoCFlFG3CK3sXc0E=","QDFxppgFjg8v5LWbA2FHLDSaJ8lp5TWBkapey8Icfag=","jSUAwtbkqvcdGOZbbLgifORp1aam2+WbjO7k0zDLh0U=","rXmQgVOWJL3nbxKcxrGM37r1YwTnCsd7NWLUpc6332I=","WZXwoSN4XnVAXHAtcQe58ikGAbh1ca5akwbaDpDyL/c=","vaqQspVsHSNYYy9MxVTuzW+S6xUeXeUAqKptId3eWbM=","CE8dLUqWzTvA5IThYT6zZt1P2ieJ90NIrCidvQNISUs=","5L02M5YA5yk8wG5IFYjk+zDpBWNcCQfkEOzA5+5LStk=","zA6D1j+ru4qWny6a/dzZf0VJGi9K0pg6ozuBmG+0+jU=","5R0g4vq+x6+olQ4jXzKrOjXgyZQLM34gj04N3+2gFEE=","Ow9qJ/t18wkQqxeUdQJjInInQKdfEgbdHOMm7km2AQo=","M6ruFa7sioetkEQXR8YdLuDZzl6D0ycFsm0K6pBXXCw=","bODOHj9jpWytR0/5Yf4e7+A4xKIoRC36atCrbAbgyvk=","TogrRvL5Ad5hbkvKft4B1CRgwpFyyAQnvOiNEAVFrME=","ZQxEGor8cVrNYn5G3e6Uzf4ckW9En69ufgf+Iq+9PmQ=","eeNxfajRQNLYxjaBayr2AOnL/4c5CoujQbA3ByTuaAc=","ZmIChVbAMHUM9jw8xWhNCZd8upK2GD2S5iyaeAIUe9A=","2+KoGWclycTioqsX1FYXRxVCzKev58Iix/RF9DzrZhE=","XW6yYoUuIoU2rVH0+I5FCXIHglWWM/ZUvSD2xzYEnLA=","ZlEcNTFGgC8DFxSa65/ZFZOUA64h/WUNm1x6bJB+zgo=","1onswNQ8lZH6AAvvzsfACqK806pVqzLWRa+XqZ8fbN0=","kQV7YLk18Os+YMFJf6ofRRiAxdNxe28facjYHYo3Ed8=","NnIhSNJl9LQiRX7C8edcQGst9j1aqw725uVr7+TzCr8=","t+6wXm4HeF0u0T4Byzr6OjI7u7LvCRsRJny7FiwOZXc=","mAt01LWlzIzEiCjlNYK5MJmL99DH11+v7Y3hU+P8az0=","8S+gL4PEavs2LbllieDF0g5NAcK/DAXaTQqRSEh0tE8=","n739R6plEgf7sRlqlxT/ZpHBwfXJQBIajmE9krZOk5Q=","TvjMrci+UPMsMZaGC4GA043Spb5Ggs8D/JYOe9eZhdM=","8K5SJgxKc7FjNGhLGTSVUPbLciOzDfG40uOeB6ytl2c=","QXttzWKsnYky9hwfkYrB8qy8jbp0/bWBVP/4HWjJPtI=","05/LZ+FbxliUfErYnhA+vaCbeCXZeegfWjQiAxzI7KY=","i3EeORgABYeWSxLVQPXKUvpImhm8Dk3jZ8tMGHm1nT4=","S3Cb7JFLdK6bcoKg3vSX6eEVt/zyxRQVrqQpy4zfZ4I=","6v6+HAtAqgx1MQL1GZ30JMDEyrHYNDOl9iU1lqpN5I4=","8DEOhKlCZjRcb5iw4pd2/w1Z/KXQz2Bc+hnghqMogzk=","GrekEWalFOjQMQrh4Lb5odbVh5bj5YwWDmicRe6JD9o=","VGORXqgCherXSqi1FKexAgLwKyo0oygQpxmz7s9DH5M=","maV2F08lERdjd6BYiJ7+SufPt9lSMoEXoiuFI1x58Fw=","MDo5ZSejgIxzmgxaM9x+J9SRG995E3BRCFppjzoFtsU=","gFIeb4M6QQFQzeipmxOdftYKSJtFT1IPSJtg9pwZeFM=","gbywcScHPiwUx0CVfzipzpEr7iDDgnIB4JbGUoaVFKo=","LGOzLHI7fexnPdFxUazHE7YzgTp5Nd2EVTqIpIA4l9g=","+OMbqRbjmo+oNDilLsCyLJyA9zrqqSzjTDkoAAExd6A=","zQ83XxT9qVxFPxLX96P7MdimgM0bkbF/o/avmW+BIZQ=","3UJKpBDp5zND9mZ9yDZaAMBsov4ZG+21AUz7861Ec2M=","xgoHAFMe3Q8sH5OoYpgZFf24Vg/nUyBnh6h21hgi37M=","rWY4wZy5sBroBGH83iFXv4AZQEAAzIyjHVLya1bmQHE=","glDH1HWx74M9Hh/CLBnCWtTWwcI3DWq1dKGf2rCW80k=","hN7VAGHp1p1EozZJVpsu3vRfpyCeHDIiCzeG+++leSA=","xkFU8vh5FRRgFY7t5VRcS09z39tY4YUh7tNqWqXFpQg=","+LRSsXq+4ouYOfld2QDmefgiaJSWtXtTGOcUwJeoBtE=","sFGD4PHkBocS2SpS0YXWXkKVfrhkGVIUhBCnRhf2ja8=","Gnrb8SW6EvmX9u8SH1qNqkseuSRdF0N5y+oBHZouInk=","4hzmNPTZM365NBvy7TsvJOMTuZMbqHx1nUN9rpdTzRE=","yU0Tb8BD8MXX/XERjP6XLk8kt07PgcbFa5QTjabBVBE=","5kd9dHAcaDk+ZHZb0pTGoYE1FflJ5G9t+xdQKTcL1R0=","BpUaKCoKF2ZYCjlCy0izVqHY7bYIZehF44tctwBJ8wg=","XCCv2O8emOeExuxtpKjclcKrUuQ4rE1/gfkg4E13b1U=","E1ZHxn3br02ZbrzY6mnSKb82amJ0GRvpnpx6fFQHkuM=","ebXmvHZIH5a64F6uT0sKtiOQSs3fdLFV5nMNnq0mbcI=","YyO5cXJA6mc9fRei6bYAB9P8QU8r/Ytu3bIytlb7c4A=","FqIEi7F7qskJPAH69+3AD8gr1fTAST0ikL1YiFEz5RY=","gZt8SLyKoVIU+GbYv4Ajs4RWQIJgIevlrXNLd+A1ZlY=","+DfSnCsg4VS8kpBRCkwgedkPEQw/9IMtmN64HNJuEm8=","3nC7JUgUE4LIjusF8HL4fo76X/LtgqH0D0WPZgmZe0s=","z13POkX0XwJoqlo7NXg1tLWAuZgGLhXMKs5VzJ2gjR0=","FmMxvD8TDAMO66+Z1uGE/II10KIRWA/m9S5WQYnTr2g=","LbDS8LwQPdFZoQYVnOR0B2uNg682kPOpqVpisJEjq3A=","SBSA3JnjRiNFIw/2FHqgb19h6YDq40nTpyoav5uQ3iQ=","tpOFNstnWzYbqXNAyU1sUZz/1ZSsHoKIg5QFsxJhOeo=","/AACYU7B9EUAJ2gfyFiTqVowXmTEoEx2buowbK4hUQU=","1bpL5VXt8LPj6UevJyPIMS9XAK9rOODk+Y+CjNjEUzg=","sSsmmtlpb+O2pWMwfhLs09IIsmIPTv4j8GSRNlyhWgU=","Dcrcp4pbL7Q/uunXRTV8kbRhjMoa61EPLTPbvfpNswo=","iIacAlkhdhEtlZmAabCDCyx2OlBPdsTfn42Pcc77y64=","+lTU1fr6OiId8Dc5cp2zXaYKDQkefBSLnYuZRvRYQEI=","ssLua/A1nho/9eZNsZOxsEm8B6JIHuSXilh8mwoBbug=","NDV8nhMPNPJzqY47NV7pmiAzsC45bEPubdsU2h7d3Uc=","4ZaAMFineT4unywoVfyJmigInzgigO7s8UVEOCo/lRA=","sSyVDW/4sxxRpWBgxmVExsNOVlHzljnVky6dQM7MFno=","iY2RpulfhPPAsPy5FPcEs8E084v916z24GNL3+q2Eco=","WE/Zi7KM9v7dYbk4Dw6e4flhvmMTHIPVtMpvvsYG+/8=","Uq7ychoB5LBdHkBH1Iw/mRO7QwFBtcE1mJfbrfaNkxM=","f+4FGn9FL9ETCUMBEyTq6HKGSYW0+4ll8XYbTP+AW14=","eEBWldegH1GjZJo9gypg4HEq+lpWBv6V0pV/cfH2UD8=","Vb9fv/sOtQCxx11IY1kW/xvJfb3LrLHowQ4PnnPL+mg=","nnjirPrZKkHZqv1lIlF3dSUi1nzRBPt1+KiAwOeeRmo=","kWeQX/IlEN+X3MkG0ZXZq4cSpQ5okL8N1WKh73jIEDQ=","iA+fQpp61YXtlGoXjdIaIivk3BgJsW7HjEg4aJxfA4M=","4M4qb6iOpTrAxqoGGGhWH8VBxc1aWcAvO3Ly8NnTLT8=","f0W/Z+q1uUNScPI9bWQHNdMJ24RNx28ByVvsCPJi8O4=","QePOJ3QOxXjdCAAAxGzCKvCg7OhpR8QEMBuzRc/NIRw=","2lbLFS+GxkIYATjJj9bF//+pg0EBN8ODHbkT2Tn0WwI=","KBYrP4B4TrXuCrg8aiybsN8IqEjJer/Sbhc2hgFhN3M=","exmHDiuOwQLHUUYIgqMpYEkVKxlWcwzaZVMLB/tcsxY=","x3UpK1tGTobizk1KKiGUBOCzbpoVJmKkrs2RXEl6oLY=","HchRd7DTg2alMqS0oM7HZgAEYwcEiHxtvCEYdca0ETg=","RGyLnFOxTiWF38ip246r3W+v3bS61ZLX2ef5zzikjvM=","iA+mgoi68/e+br1NhiJl1WQwmCjl5KzMD2a8Z9AWqBk=","2kdK38Xv2vx1Evc5b3fzLKrsxJoVvyEV/xGA64+pcDE=","ETqbVmiR/g6tXYir84yJ/znpP8o+ldmQCAr5I2brCYE=","+mWbWbtZvnT4P7H8iTEbcC0z+QtB1scnIxum6VIna7c=","xig8FKuHZBdhKr7gE+ZMgwqqhspKLKijlyV8f56sUxY=","Wp4CF83nXrTcqFPzOO3MgBk08Q5Uh97DVl8zYBCs49s=","i6Qu0z4xCSf3ycDenzfzAu1BGBbHepkqi5G0lIKVTc8=","F/D0Dh1Nfpwc8C9Ewusjzy0tqUXtOTHRlH2hEOGU2Z4=","41ixg39gJzEDJZ1kjpjO36tkZqyuEBMG860osWpvxh0=","KWpnlIYXQUlLuiERuHVCtZkJ06ZnQZrAH5sKE2+84p4=","YQkpVgMLGimfe4mlO+wGPaSLJjnODgn/nouO++C/oVc=","TO8x6cWR2k4f4Ih+erKPVv/jyXndM+E9HvCVivK8QEQ=","PzIN6PyiRtjSIDwTlA1RSEPP3KMGPvOqBTxlgTjGAUI=","4K8jN2FkgzEW6yMH5EmeZTTIZdeY2Q4tbXzlFfCVGRE=","GVHpwCxI0d5pRunHKWTDyM+GWJpl1O725cPZS5aErHM=","qVwmo5tG5lw73XZvJaD2ddDw9yVarChMeaIfSG5tiUU=","LorAtsZr6C1hc2+vnS8vUxpumRvbSnQ0YTVlnldaxWg=","BAJ1nEkzIrcM3tjsu8M1T4RbXkhUrSoGxWFHLpbZFPA=","a+sCn5znn7jsMfS/gHD39zUU6iuD3RfY2uIjYHp5238=","rMEGwMmpjHdvqwH8wzFKupAWBi4YPWDkfePWAK0PvV8=","6NGLP1duSR22XZ+2pgtLP3EhBurHqgoUZJ1YVlTVBNs=","ojKi2VPo8mykWACVNVXvSM1aL9OtHMylIy960KuJkXw=","INnWm7eDZj4pLKHQuN6UtzJMBSD+IohBEHjM6NkN+gI=","7W+Lma4kTHlqg09n1IYxDvyg5HWXyGMeY0YOtrg7fP0=","R8LVic+t2o0A/ZGNCAsU8yGDFAo0xItbNWYjuYjzbA8=","UtYStyLwblChgeWtKzBO9fky+KMUQ+YTaEWJ5iQFyH0=","WqEcGx+UozB6/s6wCmrkWxf3QMxvMjhAldTvkL8P1Uw=","TFVuOPuJ4lj45gJqEiSwpBrs+GQvb+brZl3bCLgvWcI=","CTWJbyZTZg5aTA+RrVCyG52y/XETWFNsxtgjTgEnXTE=","aj3joGUcwbsn+EV7fkqJ9N1+RxfMmaLivGmOuVDBNv0=","1p2p+OycDOwd86O1FL04DorHNpXomsv3ysoMGXzIeEs=","64XiM8Nm8Huc0YqmYjeVdONqUbHy8/fPHJEAHcxhEjU=","+2i/mzZYWVIZEPti/R04ul7NxbsP5ErXK9yoHtR/yFQ=","h9cYqp47SBLvTGSo6I5X2xX/I0NlX67ruNIQxvmMaIE=","A9fyYLcrDyFZW+Qx19JhTd2VEc0VKSZqX3D2u7CbUdg=","5bBrjV76xIan2ndPOhkdkk/zuKxi/4UF8ctsdAdRF2w=","h4F1DluH4mhzYNz0WJ7E6kzjTLG523VJM7gViAdGrm0=","urGUoOuzA1WnrRYXY9XKqQdkDZKlz+7KaIuTcKPoW4I=","EvJFg/oyJlzRFr/0543xUJqPdLXECJUXcIWU1C4wm1k=","ivwJule4LkBHeVFhtzL0Q97CN4lv8og/DVAlIoUMrhY=","yKsL6zhDqhDsmPJLYYf3ZSP56dHS/8d9RzRv7djcllQ=","nVlZlXvnnkaaOkQF+romp6kpBVJdvyo/Bp8w59YMSgY=","wWkf+pFdA8YPi+bKDF+hDu+vZM1UhO4CQgvV5EoDgXA=","FtXCajLkRwq2ugKB4sQ15B3deDNdR3cV7YePpKFb+yY=","7KYrwO3k/jW+GehnLTiBtrki2Mduiq5lzOluBydhS4E=","VtGlYvs2P7ZOBMLpEPxTAJh4ocEKIp3N1jQ/Bdm/Mmw=","Q2pkXxIrSkYjWTR610fbMKmdvWKZvffZs/0PCFjPm7k=","RgVvpCalYG5DQ9Ulbtz83JgLbRpU02oyqcNVIT4ekzg=","JvAgum/8C7Erak5aL79NSiWsRzLjNhVZD+ADcV18OTg=","briPjDY5jp1cBXb0xMnSfEagc3WY1GgHzudMAWm+XZU=","W+BTcvDmfohMfU0+r4kpXXkoHYQ8qCb+OFKH6lTd9Xw="],"block_size":4096,"path":"tabs/PermissionGrant.58279d8f.css"},{"block_hashes":["n42lIxEuSkU6Rd1wnDxeTMeFabv+wAkO6dEnf9KDxg4="],"block_size":4096,"path":"tabs/PermissionGrant.html"},{"block_hashes":["IXCTw2Lwp22965i9t45SFP6sbRKrNBCpJPWJZgbt9FA=","w/2umH9cHYO5R0AEK1jpMErABCdRJFkjV7Kfxj3wjvM=","nU3gMSKG/mvUQ3aCVgrwmMNIuPT2TyVnZke6Na7c4F4=","GvglZPkhaOk/tAn/YKkEIhc4SVb+XTJNpN5yJcj+j9M=","UXSfs8mzNJCLTF9RA8opaS9WUq2iGeheJutjPT6ufJ0=","Vq+mBC52E7EH+6hamLJ521ikpssaKRw0THeJRSbo0Hg=","R9qZVIDzRQ91HAFjEPsNwthNXcnB8ZRTow/+RMqRTbQ=","eEcvsNIZ899/uc6H4yuokPAO7pa/Y/Xy5AmPYu8a3R8=","2XLTP+W0DxZiaqjAq3sfRdQl7OGonIXiWAWnw6NcCDs=","D7f9pjqWyO6Fs2UHGC6tMQ/SbQF4dMRQDsvii/BHYPM=","GmGRGjs627STv6WxsiI4nJRKqfJtx7ZY6kTzSsNriBs=","1tblf8dnIg6eZpmrpXlGxGXCoJfuTKf1uK2VxY33Ex0=","Ipb08BibjXVAwujuYkGmrOVYoYMWf34ITt1Gl8+v9Ws=","1tTlUv9/gTpgQXp1QtkIjUOm2iIPkJLsfxx8Rf7pE3g=","24vrw9857U2yCYJkU2T61wswt3wQRlNwuWmawxCAoCI=","n1xz3z/QXdmHV85qlRmlNWakdkbj2kS5LNF6oi1MdIY=","oOcdwsFUkRtilUjSrC6OgDMP9iJVrywRunv8T3sa1do=","iiEgQ7SuIm4HHxFEYDgqC1go3XKHNuDg+56Ry5jiRNs=","jDlaJKyP9Rk65wjmESsSItGCGR2FLqYlHtI+zDQMGK0=","oMrtRoa6z8aCJCLW8bHsQoBfrBiHSHe2Js6E89DWhBQ=","ZSZGwFJtqdSll4J/Vl3LKjvcV9hnULxM/8x6Zgx41mw=","W5SpZWtXrULoKkg0QqPjOYAY64+aLWYrkf6zgQHFza4=","Ll9PNVebb2OTKtFrqevvfwS/G6a1ht9AL/W3+KDjzSE=","9rwV1Ruy3pF/UCWcCNDbk/uqTGjuJ2uhp2i3h/6pV4A=","DbQgo5GuCtFElbAvP4+hmIvoF6A3qGZ4HHbJ/6DNDc4=","COHNid9sj6oGaTWCReWPTb7Xqv7Ziuk4jmyF+YWreS8=","lNog6P2EEcrcqv1yrFsTbztlcHFgSS9jp3SkBsDoOVM=","nxS0oUwjxoKonsbd0P06uiTYSyZjfDjmJJT4go2uPm0=","9amaTExcC+wLW83HgmTvC9D+Fl6APwvcR7u/9aAMLxw=","R7PgWldqH3aW7V7j1Zcbb5E8aAuVsd/UBtH3Z4VqSy4=","BAWlsgrZ1zYoGud/pGzm2z25e+O62fC+mMEP02sH0z4=","KolpD7qphAx2ztyVMe+oJSDIweGkD8bP2YM9Cn7GTx8=","EBT54qZtgm2FRwuECltwC9sbolMTdPkfEiVwn533AAg=","Y2EYDqo7QwDho3aVbm+sSmmdPbKyGyyBG5WQ4fh0tOI=","/egPKKcSp41o3U9DwslppDtiyE0oH+WltbLSFE1VQuA=","Y9F6LPMyHblK4DcITGBfi59kCYuaqm8+9VSC6Bhx9CM=","UY85SgChyMLrSpqsGk0R2GZmg1IEojI7Rs98jkF6nag=","U9OuYpiUzaGPQjG0UH8/kBLR30H5Jos17P1pTAdFM6I=","f3RxOZFHIXdijt+Qviwgi79yTMTD6d/FWtvLQcMFEf4=","Xp+JnFBFO943MhsDEMvUJb7R0iri2kSuaD5MSV+xC9M=","4drbt5WevtcX5Y57LEMYJLtrFW338+KU1k2rJvdI2Pk=","e3/LZRIFGzcm/xL9lSlVDKH9Sybh5140+ZCRdFV3fEs=","7sSy2MqIw8pzTiBqaVxeuzyNZfUkup9/hZRl5F3pzO8=","XFUq5uIgXNff1+kxj/RuBeCbKlvM0ws6aNZbpocmSdk=","nix404n7nPs488nSwqisePJX+2bv3kKhfB5ykscoCTY=","Fi33K0Iy2aWmFfNui4xqyoF/7DoXJF+Qc76l6xKctRE=","ZMg0OtuLHkfTMl4ZVi60LFsTBzIjWuB/FXJMWbQNkKs=","aBjr/Hpo/mvGyUHeNEgsa2tnmIKEN6hpihgf1Li4SZ0=","Tq+1hqYOlkRnrMnCYAIdVHrOCq9JS5w8Wuvht0QaKLs=","HZAEWQXmaN3l4ClDMg4ewPiNIwpslAESnb1702eNKaQ=","zXITWTWYsEMw7Vucy+j1SBzDVmcxQgVW7eMBuUb3/jQ=","wD3t5/h3+GiF5SeD2cpq/j6rNGJueVmmqOoLhqMOd6c=","Xxp70goIhznCm+XQ+B44LopL1KKZZr+Wvo5E8pieVFY=","I3sIRi6DeIc8CxBaBC99QwGMpqxERzTBJOQZ6/5vl1w=","SOYPscIDBfiE5qPIEBYgT9JZTCp+Ob1TjdDdLpReilE=","QPIp32LPgoJN5rF37lckB2/7IM53axygF3zEj2RVm8g=","Hn4qmjmATA+lfM1L1mRivpkE9o3xdMFchymq1TVxSyk=","sduaXaJO/LenBcFF04PFtqe1fkig9ZuVW4b0VjFEljY=","WE7lAq1OjMjhJoHrTwekedTO8P2DtseS81qOs+49GX4=","tO1h6zTjU8TujkrBILVjs5ktNIJqwhLr2PQVgc0q5N4=","c/CEriY3zsTcHOZ0atoJcbfRwo5mSWASNmbzV0piDdk=","061i+BRR7hOS86utr0GMWR4sx+Y+/f6hZxF9x1qaBWc=","zNOu7EmkdMBp9JeVDCfJLhwZubitUT4TQ+1JcxXdUoE=","uT7HEpQ6qO8ygk3JoVybMKiNlT/BfauqIUrnUaHO0rY=","zLpqGaDPG1jkF8RZJ5p8Wl4RU2ZCfTmtMfpEJBX3QYM=","LUzwKKMvbWNIeLRemIr3o0rRcLB9UfyMaadMF68uWBE=","VucQbn/BSfFWoQXhkAzlWjdgCrwRYEfmKumgywc8dQs=","IuVbY8d7PF+zreBHxDo8ogD2KsEAMr+xMkonlq6Dvj4=","vOAOgDLJDSdmqMu3kbUjAxafEr1ZljuV4TlB8FlMzNs=","0ZRBYTU1yXTXYYgaVGF150tbVPzbU0toJQKM7fcPOr0=","qvdrWWRHrrAUwXJzBKbH2wkEaS3YudK/zAgVCSAY79U=","PVgjbBvKqKaxtNx0j02NQbgfm7c6fl+b19uBnKOGngs=","kI7P6QffGnd1QbuZI6OdcnaR4BOnmazjN8ohSIl7wxc=","YHYeEDv0z9xi8AKWhboihHlsH4F5KUqdlLB761EOXts=","gRJBq8r2LOTDTSTPopesa/p3LpJzH+m55B6gPAC9hKk=","O0AnmuTpcT43qeoYm/TADnKTKArQh7TPGOzGT8yF384=","yezsyGxQqtH+jDoNtk8kBMvDjrDnWBYO97rxGJXDqm8=","dhsVXW7yX6L6a0s3jCiVzJDBrY6UaLDTumbxN23o/jA=","3m08/4tMjU873SYYiIZJAdEdspts4kW576SpifsFkyk=","IChJMECdNkF/vMgIiVkTluGPzXD5r9Y+QO+emiGEA3M=","xQyzg70jl8KOrVlIn+gRAQ4C+GTVolVY3GsKpdtNZuQ=","HoisD1So11SV73F6NCTfQg4C8shKQoNA/n9x2GFA5h8=","l6IsEd+lUcUnvrai3u3Il1jerZTEAh/KegeH+pa0jAY=","iUvTMOxzcdPs5xj1etp6p5ukrm3g9OmK/9iPOsLpWGo=","ohsEoNO/X9wPTO4G3Rq9dEHYJFgh6k+3P5aa+Oj7KbU=","X4SNTwkXHmERZiQq1nTUtdNjV08kzk9sTCp+BStQc2I=","WASBObuSOYLzNzQW7qoaQBwF1BRt3vryqUFhEPif77Y=","gQtzic+dR1bmoQ7bqZpOfVBLXz1hvAE+GPDJohq0R+U=","Yr36hw/w6bsbrnN4I5dLTpmzOmS/jPIbs0rzPPfzae0=","isOkSG7KPR+qkl1AA+1iy2Xa9VLivuE9zXiCGuIkaVU=","jCm75spDon9QbmQFj7NHzXAZYkw/d1Sb3quREvOeoaA=","qmwPIwB3kBmmfVZFsqX+NeHuGP3kkekdhtru7OvF0e4=","JFZ8GbjUAuOVVJjmCw+qa3KTgTEJNRXOgzoIcSdlmuw=","eEkYnQAO9q0JAF6/QT4Oy9hYZ40DyKnXNC2b0G9rtBI=","C/DGltDLPFs47wCkKQdNY29AhnGe7ijQNFeCkLGAA40=","uDyZoVVTaGzCtUqNTUUMlR7XYgpszl6ZKV/ub78jkpc=","uqIigDgqSpbqPFTeruc+RwArmamwGE2bexTHvROeb3s=","VHTv2bPbxnC9L9e3zw3ztONHlrGgmWCGIwbqugMw9fs=","oA5RVxviPDj40X2hroo9rgW+bC3AkY9TTcH1zdZM/7w=","X/EUX6xtP0UproWoFtHsUvcp8JyDE8aFg83Fc/6marQ=","n+9cSZ4ZY3wQgIcO0EuCZOIdAPadgTO8SuMUM50hUUE=","ICPheLkjC7xN2cQOmnYg4tK0s7ZbgT2OzN2pWWhTKYg=","MSG9Q1IiIAnYpkKAcSf5Z7ruZIPfR6hwD+Km13+j1FA=","EJtiRtUT/9dSGTbXSPHf66UzeWFsvZ1PE7TO3NTMoio=","BEwWPp47gv3oQsvGTODi2A9b4M8k9+AIToqkens+oWU=","eoJ9sW2dGoeZY1QqN7HHSkXhRvxRH2muyiuJNNIdJzE=","NnyA4/iyklUUQDeW9qzoHMMz8CeVwfZVpufyT7RjCWM=","eFbyxUicYIGNnlfszceBDJEL64c/kFswIXaShB/ip0Y=","niSKvvT8/BIREXHsaFJiy/54eLAc1AWJCKwr3xNFKW8=","YWkCfJJ8XY5lgogukV94gfUzvxkS8WNLNH1sQFEUQk0=","1jUtgb/pPcMFVkBWHC/EVo9m+pebDHMa/6dRIVdbpRQ=","wCJcqybo4I4OEi/iWDwmwoWBhMdk2i3rPaXRGKAeDhI=","89krv3/jucb5gKWZQCHRJIQvOk4eNoyyo1BBwkoz/gM=","+dvjDfiRtDMxgHG5e9Ze8J7tmDtGEVXN6++RIG8tVPc=","R2v0vrr/PAfQ9AyT3fRJLPEiwk7OpfQabzAwhKic5cw=","J/Rt0EAKP7W5AN38scQrTeM2c1EeTFy+29o1lVRwJuc=","zxYxo+t0T9h9xQOYPD9BLMsbo0fG7ThZXpiNviR5AGU=","MlhRSAmyCEffe1i2FzhW0T+ZlcvXwvRuhKjKprZKTP0=","ER2bLTfErFT/xgq+Sqc8za/91YmVAP8tuJE8aHF9Bow=","dUfsy2IkU/rv8sgxwOOpyqMsmzFiemyw1FLvbtmrhkE=","neNJH30+P2a5GN3MXkXc687Fnv3B8xDDeGNLoo60CEE=","0fmsveeON6CgB6Atxsph5XwldHQiZVc8wyJQIKwOYhQ=","QApO6y0s+VZ2Oa2OkiD8w+kn+mLHsNf9LmP6/aGz9q0=","g8bMZVqILijB4xTuO1L0oEUzWIWGrZu3xzzCzKwoohU=","kwuKHUpSRAjTr1r3Hrkf2rRLTl5LxG6D4menT9ciUtQ=","clFx3Mvgay3+fpbO/78Jxp7fJUho5IAsBTjYgWRrvfc=","hAadxJT6bPzVJndh5gLgJ4cZxVQ8gec15vzHE8kZYnY=","6OuMOwiwrKtFwjP1gfEOqQzkLEKeanM3N4bmt/W2tjA=","dwWUcTmxEW+zOBdgVM3jxHcTJmvdKyaQzKiZhe66OxQ=","rioNL7Jlmk06fKkVAO7tby8sEAKThIbVplA7ZEyYInw=","KDGH5kfKVg2uysSlLNnc7Dih+YCq9y5qjjAud5QcgUY=","Gwc+qmOrvKnMTfOUG1aqifXkVBjyLApNNAjlgxsoBZI=","o/EP3Mvbu4SpA4qB3aAJeBoCcaLiXFxBA4T5vxqSfgQ=","xmuTAvwlo5mLXxFn4BfRgYMGHaGTYYBDwZRtdjPM+ug=","3M6HBBSOGATDZlQNVkslAQJDAJ8/8NuoAco1F6XszAE=","wu7mCj0ixwnrgfXEXnwV3nyQEOde0RHDfXO28AJpIPU=","hz9oj7VbSpiKXwIZk3RGhpU3ohQbZvboTnVUH1LxxoQ=","rV7e7MiOHp3pQBHhT5emWGa1a1WWEMEL2teDoNaZ4hY=","KAXz6BmlHR/27VCfEHhWzfT5M7pV+WPxsRFX6Xgxj2w=","OKY9IopHYRHReFvDeanbSFYgFCxuBHrYEfw/ENbr6dM=","+4v0yZ675XkGSo0ZYKMtTgA0AsaQaGnaLwF3qgoINW4=","RCGyrLEvV0dJTjnCg+5a2zQkttQX9o69SaHWAzAw/fM=","Z2ANRXKWVZT8puhC5c/qjuU1GaRnCXD6I3t23kw0AoM=","x59EzzqwcV/YLJ/Ug09oaBvZdnOjGWmyrWciJXB+7l8=","l8pjmx31DdqQHIjHm0HueOsO7Qp+HQ5VRR5en+SNeOs=","J2x59q+WJ0EcmjLv7xk/+Rq9Uj1kMdZl1uprlYShSzU=","5cnO0ccq06W4Hz3WF5kfqQnCvGDOUs8GMh1GmWZ0j+8=","C+wW4yBxSRBkPlXzI62kiCMPq8rq8x9aiyfUKKUS/Lo=","lmbnQx0N+SR5y2NievBF08EwRz1QLWv7ZI8UPm/8/8Q=","ZNNOx3oRZ6WCw5uwT47TblDttXBRX+RDJk5jwrF/olI=","iV20uzHd0lBbmtCZp3b+7MULHduu7dASNZ9uIcCax5g=","V44dc/Q7043eFGVsy45iK6xDikbq33GG4Z82rDJqdkc=","VsKIlBha2xHjM6VPP/63/vFCpHJT0TcW9ncQCbwgwkI=","HT6H1YR6Cf0lsWquadJfoZrxfpl+6QvDsOhGh4dwJUc=","2WdUyfpLX8TOrQHG0k8n2HeWYoP6/+/WG6hXxPIxH7Q=","qwySpDTEpBXjw5iio2fAh38N9GC+46HBVKOx7FPbt9k=","KlNUa150ctB8Bp2w+LHHKnAY3BLHiS8bdaMpFY/UhI0=","Pzfmgw1197jV1nPHE5/87SkkkaW7fDXLlnSkvujPvFw=","5Zb/ZzRqBjy1nNGSREjhUrbbvBNnPYX5I4QvXx/ecE8=","z2izp41nMSqTPd1O5LWZGH/kc88DeB5SZ1B3zRF0LL0=","VN2fSGrceXbyoLScjKJ2GwmlJ/kcqOKCphSGHu1Rb+Y=","6Y3QnUg/GkVvtbfYGe+1wf/k4LAX7jXSDmFTWarTQvE=","UJRpxS0xbFKcij2EI8b8/Gl3jnd+HTNrR7IjdnoDdFM=","QfZ6KC8TRjj3k9U7LSF8WPjKvN/TfKgxXx9aGH9elcI=","M21BN/oh6rS7soLEB1zgH+wnDAlllicVxEY+KQfE/RQ=","C59ZzzH1yXCCVKH/Gt10Qv+Krl3sdVG2ViZoOGQudxA=","RknHXswSkaPrjuNRPr2OIDnZ3UOfVSM7D2/UzAztf2s=","yzig9j2H+G79r0CBJ2XoZivjJTqYGtUw07UqSMeUMD4=","fY/CSkUHpVixkQmeytRw4H51bfB22+Rn5MfIx3ovSPc=","I2Ld+iyD27GebRmP88GwNvt8bCE5gWNFZR4SxTMGxi8=","ZEaVYYBWb2ufkrsgHbfkqZGxxoAd3N6nkfxF+kbL7sc=","iULQjCekT7pIuOBBwe/MGEpootWbBmswNM+spAZldGg=","2OyZXmm8Ak6zR57Y0WflXAgNUOXH43wiyJoFRQRN9hc=","BV1rxXPEf29OMmYhHjC+3jODgJFacsg0u3pzuz4dexQ=","/tFFko7jQ8l5uOvd9fw4StEhdbz2p8jjOYTGvHGEx8I=","2Q/gPqHeBSc5DvXEwpaM/8TfrPFmwl5jkLkOWkixD84=","dLlMR+3FUhklC/Es86a23U18JVZv+7VXUtxU887mCL4=","Gv3dwFvKmS0NywKMO0h1QWKjNOkhqC9ShK2gX7N3FbA=","cxwd0waZzaNLTQDgCrfgDm6sOfS4fVRd60t4LCd1ctY=","abG2E9GcksDFV4iNzHpPnx713ft9Nj1o397Gv3dxPTM=","W4CB9Tlbhalm7tt61/Fj8X6bckQ/ZSEKMCulyspLd5k=","koNOC+g/faACv1Htur4LJo5wfrTlsqnM0MfUPkdkdoM=","1sSQOk8rw6awCOR1mwoUgf7eHMrlsJTPTnh9EahouNY=","buIDqcc79WnI1BzcW1n9ugGsu6tB3NxEAUqR7kkvxMA=","/07rDOBGIXLPk45DGXdTJMcVWDIVA8NSpO+FweValTU=","WfkG2f7aPfEdvdqZPYBelldTG2iNMvZgF3Nm3dbVfyE=","dxuT2RlOpr02F/V7X3Y6o+wpFSCJA5dXuVcowEtlluE=","GWVzztL+J2/M1Y9e3tXOOhWIzyHo0sVO2KNDfS/6PkU=","DsDLsysLleJuakpI0p3zan4rPdVBVzwOqjsI9B5bFCk=","Oif0cIpFf48/AuIiqWpeZ/DnDBswmLSXZfTfxtPsSOs=","WaiJMA0SSY9YbaSzz/CPyY1G6+SNA36O5BmL7tuYC4s=","c9M6GZ+zAnDtQhvXz0i7/uZHIllQGS17L2+q8x0HrxA=","34ABOAzjBa1WCu/ZeG/CTL9LLHK9BNzsnGm7pQYc5b8=","xKLQUiEfF9scoPOaA23gGMQMfxk+wfrrVfGmLH/y0Hg=","K6rl4weVh4Ri321nJBgkH8cMBCEevwx/xdUqpdM4fi4=","/pGjMKfRhpiz6cDTjjh0SKcMNblndtT0fsErJu5pTX4=","ObNK9oEoAnt/cFxRkFm4Sd8dnbAp9Y5I8JBC2rbjdZ0=","z2cRDH9xlkebX6a1Y2r7hu2uxPMhXZReWvOweuGEjSE=","Moa/T6pKBLC3YSAiCHb3ZmHCmSot+Z8gS4lJJioKizs=","xTlZQ7ymkbMjEgXZaLv4Qgx/fF69EHq/QBVcmDsQyzQ=","ZuY4bvotX3pHMXMzPKQmB1zAh/Xy/ZAY/ZNZDaaR628=","lKHUTmC/FuqhFwJfs2oAme1XE+wryrSqumsxS3vkLis=","JKs3T6bXfemc4+zvQDvlxoIAuERKYTLzf1myQDdyWic=","uxenJ/DgD1RNyN+gfvxsNapoBpUu0wxRpLaIXSRxfcI=","gkQmSRq9ZPXARpF9Yngye5sGd3OlcJzVHE80bIC9GOs=","lvX08raTRw+YeCdi2OFom9RDQZdSWrwCCx3BpP6VmPw=","vaZGYn694Nm6HIpD6rKNZsGFV3F8QC+ei6r2QH7D4EM=","Ks6t6faZMX5KTOdGwm1khPIBJdXt3I+sWg0T/1NCmfs=","qAHTUjxqTl4XjxE+Y6Qray7VHNxj93ewpxGRiGrcXyw=","GS/LB9GURwaOPBEisUL4+p4WQPUtJQyEV7bBITXrn28=","x55t5NnENVSQImMwZ/v0MjFmmf1ZiKA1wFLaVQSXEoc=","1ojFEqoDQdeBf9pkGq+e2y1CndAYme9JqYW8HjVAgsU=","Lg/O2wDmtYF37LSe7rl9KbjmBVwHlmvu4pbDPTdCWwM=","xEjTrzJrJ/Nf3R3MHF2t/ffo7vhDQXvGmta1JkNzDNg=","JPTlJrqwM2Io1p0+d6YnMzqZeY6zzsR/Kw1+UjmTlDw=","sUDOA2OECdr8LFAfVukpGmZoUumIbl4g6hmCjJxzuw4=","Ve/iNffOM2fYuZyPacqoNHv7TY1RqK9zIKVBxOBUSlI=","dk7MxMJ2snAnhSded/32jfl0fF4iJHPqQqr+Yvtae/A=","FqLt05NWZwSU8SwupJ6gsMVBMCokUSPKpGqJxqVS3kI=","K9Q6YgXZFdFQidWKRgoYZKTvx3eD1zcoreyM6TBpKt4="],"block_size":4096,"path":"tabs/PermissionRequest.33b1ace4.css"},{"block_hashes":["hGkWWxmkDZTkQ+wP3zgatNnOi22NgCDVfCQmvpm2fKM=","gSbaHZDnYEKvAGDixGcFQwjhlvEMqZkraAewIy/kROc=","CjBZIsSTkUlICze9KIa2cGeQcETwgVfE2Okb1q0GW70=","ooJ+tqVU2ov6P+uI/IzG74c118q5J5NuV6Pzv3w0lJY=","PoVEKcmkpIIKTu2657nUDj0RCPt0fOAEU8n1UNfv68c=","Bqhb16zYNHXat/KWEktgXrpHxbIF1mKlvZ2Ylo8qQrk=","8TvXvHHXdBMgO9A4sKzUrID8IEsNffnxv34Nd9Wh2AU=","tI9uGPoE5iZj5aexDFV4+JxHjgRG059CaE6Fk/ai13M=","LiFMpTkhGz4oRXwvOY45lIpsaC8vhTGB65RAwTt6Vd4=","xTCT8qPr4Boi+x6lMntgD++z0d1CpUkaKnY49UxEd0w=","bV5STP6iR1pzuF5VPhcpxh9SGgL7Oy65sQDUSQy2O2g=","DtV32wi7bHgSnVzmMyMp0zqXiSeTvx1sTmyDQcRfhJQ=","kJiPsIdeJDB18N14D84Z0kuQOLCCIjV2sQzQIFPGEoA=","VmN3VkBx52a/mXTVHKlt+6u2/87QGnmYTuHczmR5ACc=","BppelBNPV0jEU5tjkAfdP3rXf8L8dpJ0aYl0H94tGOY=","gpnuUMlqKQ4rDrTUWRy++g04NjO8WxwqypJyI8pWn68=","E6kh7xVymOPlM/IQJRGuTAllL/1aT0kddlEUf95R1Jc=","bwtzMhA/VhRdadBxBMroqWlMFcVw+j1vvjAfGoP1RL8=","CBwTor5CpzC1ARy2cH9iZt64AZVgsyOITKcx9UNqvS4=","c5hQGgbXvJfzz6aviexeKhH+gm+NTCcQDVvZVIyGA0I=","allH59KfVybLDUhOd8staNitXjJl293gsUmyONXkFXo=","btVW2HfmOijKso/oiJONfT19/pIX4o/RrwuINZWtNoA=","M/Y0XhogRGVeBPGyPm8i2XK9aOlFZLdgcezRX1bNH8g=","VEKssIa2p6lIZ9AVZNlUXZg8CbgGwvrzBAj2sM466ds=","dUiNvUeD73RhKi3U19S63EwhEpaZcmyzbsuG6e53UME=","NqWqiRmq4pdYshWla5VJXcMabbNsl3Kqc5zNYzmA0Jg=","YBHR47US8/XdnalxZG58RZVV6UwKKDan9oVyB9+mJdU=","6+qc/UHm01PfBxb7OyJYROZOTJKCaBhNHJOXMgSMs+c=","CovkhCTnDbYreatsivD+Xz9RdhMBAaho4tmt36vI8PQ=","uMLxIjif5vjf1G0fnNT7jxH4g3xZ/FAlEE/oKKXRkCo=","Jwubn6mVHHusg3FLSIXD/YZ8U8BbtzjBKNoAEg8ClSE=","nEI7WpDmzuAeE+T70JIzt3gPkdjHPI9KquyM5Ygir4M=","Dg/qqXBwIfwdC02nn3a6BLyh8w6BfVIhf+fXPOOqaeU=","zmZApit43vEjbd0q6CKt30vGzWUqq11BxgWYQe2uewY=","9PmW/99yaYKLszrmzZp25G5JqgW/GtnImL+kKDDiOwc=","KHyL11FZcXITcsywtNeYWrg9KfsBUfay6ZMPw+wylJs=","6KR4s958YJ04hxCd5aXMy5wJU3GC6GCkPwLogsU68Hk=","sfPcTQV/YnpeeVKG/+8Vm0SLej9rpjTMtXq5ysZkKIY=","TnpbPSWV2L0G7yAKhP4c7Mjd+IREDyTA86P5EXj0tM4=","nEz/77Zv7GHzT2SyiWTBFE8iJEznGx05QaOvVKfhFaU=","fXHDiKirLjGDW0+nQw+jJk/+UrYoJ8OWj2cQPrtmwDY=","dOciy50i/hFJ3I2N83N/qoqG0atHBSdxg2JGj+AZmHg="],"block_size":4096,"path":"tabs/PermissionRequest.cfa04b34.js"},{"block_hashes":["dae4ivg9KD6JTecrX2EreJChPiRgZJcWlgcsbYCLeRk="],"block_size":4096,"path":"tabs/PermissionRequest.html"}],"version":2}